ORF,Name,Allele,Strain ID,Cluster_normal-4
YDR311W,TFB1,tfb1-6,tsa715-37C,0.3225806451612903
YPL160W,CDC60,cdc60-ts,tsa922-37C,0.3055555555555556
YFL034C-B,MOB2,mob2-28,tsa936-37C,0.2465753424657534
YGL145W,TIP20,tip20-5,tsa271-37C,0.11507936507936507
