ORF,Name,Allele,Strain ID,Cluster_normal-3
YOR259C,RPT4,rpt4-145,tsa263-37C,0.21739130434782608
YPR103W,PRE2,pre2-75,tsa918-37C,0.15555555555555556
