ORF,Name,Allele,Strain ID,Cluster_normal-5
YPR103W,PRE2,pre2-75,tsa918-37C,0.3888888888888889
YOR259C,RPT4,rpt4-145,tsa263-37C,0.34782608695652173
